{"cameraMode":{"drawMode":0,"name":"Shaded","section":"Shading Mode"},"sceneLighting":true,"audioPlay":false,"sceneViewState":{"m_AlwaysRefresh":true,"showFog":true,"showSkybox":true,"showFlares":true,"showImageEffects":true,"showParticleSystems":true,"showVisualEffectGraphs":true,"m_FxEnabled":true},"in2DMode":false,"pivot":{"x":14.064236640930176,"y":5.303317546844482,"z":17.87689971923828},"rotation":{"x":0.20865465700626374,"y":-0.4308856725692749,"z":0.10311709344387055,"w":0.8718775510787964},"size":28.036191940307618,"orthographic":true}